dataset,start_pct,end_pct,start_r,end_r,delta_r
adamson,0.01,0.1,0.9247085189077825,0.9432102389778335,0.01850172007005102
k562,0.01,0.1,0.6765570804175471,0.7056239587416201,0.029066878324072953
rpe1,0.01,0.1,0.7763979482697253,0.7933981945883108,0.017000246318585543
